{
    "accuracy": 0.9910714285714286,
    "precision": 0.9811320754716981,
    "recall": 1.0,
    "f1": 0.9904761904761905,
    "auc": 0.9955128205128205,
    "threshold": 0.5,
    "weights": {
        "rf": 0.4,
        "cnn": 0.3,
        "cnn_lstm": 0.3
    }
}